station_id,city,country_code,latitude,longitude
AAER00FRA,CHARLEVILLE-MEZIERES,FRA,49.7825,4.6426
ACOR00ESP,A Coruna,ESP,43.3644,-8.3989
ADAR00GBR,Aberdaron,GBR,52.7892,-4.7413
AGRN00ITA,Agrigento,ITA,37.3033,13.5965
ALKS00LVA,Aluksne,LVA,57.4397,27.0352
ANKR00TUR,Ankara,TUR,39.8875,32.7586
ARA200SVN,Areh,SVN,46.4946,15.5088
ARIS00GBR,Arisaig,GBR,56.9096,-5.8494
ARJ600SWE,Arjeplog,SWE,66.3180,18.1250
ASGA00CYP,Asgata,CYP,34.7860,33.2488
AUBG00DEU,Augsburg,DEU,48.4213,10.9213
AUT100GRC,Thessaloniki,GRC,40.5668,23.0037
BACA00ROU,Bacau,ROU,46.5621,26.9122
BADH00DEU,Bad Homburg,DEU,50.2280,8.6099
BBYS00SVK,Banska Bystrica,SVK,48.7518,19.1510
BCLN00ESP,Sant Vicenc dels Horts,ESP,41.4054,2.0042
BELF00GBR,Belfast,GBR,54.5772,-5.9319
BISK00CZE,Zlate Hory,CZE,50.2567,17.4286
BME100HUN,Budapest,HUN,47.4790,19.0577
BOGE00POL,Borowa Gora,POL,52.4752,21.0350
BORJ00DEU,Borkum,DEU,53.5789,6.6664
BRON00FRA,Bron,FRA,45.7261,4.9384
BRST00FRA,Brest,FRA,48.3805,-4.4966
BRUS00BEL,Brussels,BEL,50.7978,4.3592
BRUX00BEL,Brussels,BEL,50.7981,4.3586
BUCU00ROU,Bucuresti,ROU,44.4639,26.1257
BUDD00DNK,Copenhagen,DNK,55.7389,12.5000
BUTE00HUN,Budapest,HUN,47.4809,19.0565
BYDG00POL,Bydgoszcz,POL,53.1346,17.9936
CACE00ESP,Caceres,ESP,39.4789,-6.3418
CAEN00FRA,Caen,FRA,49.1827,-0.4571
CAKO00HRV,Cakovec,HRV,46.3871,16.4391
CASB00IRL,CastleBar,IRL,53.8508,-9.2873
CASC00PRT,Cascais,PRT,38.6934,-9.4185
CFRM00CZE,Frydek Mistek,CZE,49.6848,18.3532
CHIO00GBR,Chilbolton,GBR,51.1490,-1.4383
CLIB00CZE,Liberec,CZE,50.7717,15.0599
COST00ROU,Constanta,ROU,44.1615,28.6575
DARE00GBR,Daresbury,GBR,53.3448,-2.6405
DELF00NLD,Delft,NLD,51.9861,4.3876
DENT00BEL,Dentergem,BEL,50.9337,3.3997
DGOR00MNE,Podgorica,MNE,42.4175,19.2034
DOUR00BEL,Dourbes,BEL,50.0949,4.5950
DRES00DEU,Dresden,DEU,51.0298,13.7297
DUBR00HRV,Dubrovnik,HRV,42.6500,18.1104
DUTH00GRC,Xanthi,GRC,41.1402,24.9168
DVCN00SVK,Devicany,SVK,48.3072,18.6827
EDIN00GBR,Edinburgh,GBR,55.9248,-3.2948
EIJS00NLD,Eijsden,NLD,50.7582,5.6836
ENAO00PRT,Santa Cruz da Graciosa,PRT,39.0912,-28.0260
FINS00FIN,Finstrom,FIN,60.2291,19.9513
FOCS00ROU,Focsani,ROU,45.7083,27.1946
FOYL00GBR,Londonderry,GBR,54.9838,-7.3367
GANP00SVK,Ganovce - Poprad,SVK,49.0347,20.3229
GELL00DEU,Gellin,DEU,53.4503,14.3218
GENO00ITA,Genova,ITA,44.4194,8.9211
GJML00SRB,Gornji Milanovac,SRB,44.0246,20.4601
GOET00DEU,Goettingen,DEU,51.5002,9.9506
GOML00BLR,Gomel,BLR,52.4200,30.9668
GRAZ00AUT,Graz,AUT,47.0671,15.4935
GSR100SVN,Ljubljana,SVN,46.0481,14.5437
GVDG00GRC,Gavdos Island,GRC,34.8384,24.1090
GWWL00POL,Gorzow Wielkopolski,POL,52.7380,15.2052
HERS00GBR,Hailsham,GBR,50.8673,0.3362
HUEL00ESP,Huelva,ESP,37.2000,-6.9203
IGEO00MDA,Chisinau,MDA,47.0304,28.8435
IGNF00FRA,Saint-Mande,FRA,48.8456,2.4243
IJMU00NLD,Ijmuiden,NLD,52.4620,4.5561
INVE00GBR,Inverness,GBR,57.4863,-4.2193
IRBE00LVA,Irbene,LVA,57.5544,21.8520
ISTA00TUR,Istanbul,TUR,41.1044,29.0193
JOEN00FIN,Joensuu,FIN,62.3912,30.0962
JON600SWE,Jonkoping,SWE,57.7454,14.0597
JOZE00POL,Jozefoslaw,POL,52.0973,21.0315
KARL00DEU,Karlsruhe,DEU,49.0112,8.4113
KATO00POL,Katowice,POL,50.2533,19.0356
KDA200SVN,Korada,SVN,46.0650,13.5608
KNJA00SRB,Knjazevac,SRB,43.5665,22.2553
KOSG00NLD,Kootwijk,NLD,52.1784,5.8096
KRA100POL,Krakow,POL,50.0661,19.9205
KUNZ00CZE,Kunzak,CZE,49.1073,15.2009
KURE00EST,Kuressaare,EST,58.2556,22.5101
KUU200FIN,Kuusamo,FIN,65.9102,29.0336
LAGO00PRT,Lagos,PRT,37.0989,-8.6684
LARM00GRC,Larisa,GRC,39.6141,22.3879
LDB200DEU,Lindenberg,DEU,52.2091,14.1209
LEON00ESP,Leon,ESP,42.5884,-5.6510
LERI00GBR,Lerwick,GBR,60.1383,-1.1837
LICC00GBR,London,GBR,51.4998,-0.1748
LIL200FRA,Lille,FRA,50.6135,3.1360
MET300FIN,Kirkkonummi,FIN,60.2175,24.3945
MLHD00IRL,Malin Head,IRL,55.3722,-7.3392
MURE00ROU,Targu Mures,ROU,46.5581,24.5666
NABG00NOR,Ny-Alesund,NOR,78.9431,11.8573
NICO00CYP,Nicosia,CYP,35.1410,33.3964
NOA100GRC,Athens,GRC,38.0471,23.8640
ORID00MKD,Ohrid,MKD,41.1273,20.7940
OSJE00HRV,Osijek,HRV,45.5608,18.6805
OSLO00NOR,Oslo,NOR,59.7366,10.3678
PCAR00AND,Andorra la Vella,AND,42.5145,1.4972
PFA200AUT,Bregenz,AUT,47.5153,9.7847
PLYM00GBR,Plymouth,GBR,50.4389,-4.1086
REYK00ISL,Reykjavik,ISL,64.1388,-21.9555
RIGA00LVA,Riga,LVA,56.9486,24.0588
SABA00SRB,Sabac,SRB,44.7596,19.6967
SKE800SWE,Skellefteaa,SWE,64.8792,21.0481
SMID00DNK,Smidstrup,DNK,55.6406,9.5593
SNEC00CZE,Pec,CZE,50.7359,15.7397
SOFI00BGR,Sofia,BGR,42.5561,23.3947
SPRN00HUN,Sopron,HUN,47.6836,16.5831
SRJV00BIH,Sarajevo,BIH,43.8679,18.4139
STAV00NOR,Stavanger,NOR,59.0177,5.5986
SUBO00SRB,Subotica,SRB,46.0995,19.6671
SUUR00EST,Suurupi,EST,59.4636,24.3803
SWAS00GBR,Swansea,GBR,51.5655,-3.9818
TLLG00IRL,Dublin,IRL,53.2915,-6.3635
TLMF00FRA,Toulouse,FRA,43.5746,1.3751
TORS00NLD,West-Terschelling,NLD,53.3627,5.2194
TRDS00NOR,Trondheim,NOR,63.3714,10.3192
TROS00LUX,Troisvierges,LUX,50.1267,6.0073
TUBO00CZE,Brno,CZE,49.2059,16.5928
VAIN00LVA,Vainode,LVA,56.4180,21.8367
VARS00NOR,Vardoe,NOR,70.3364,31.0312
VLNS00LTU,Vilnius,LTU,54.6531,25.2987
WARE00BEL,Waremme,BEL,50.6899,5.2453
WROC00POL,Wroclaw,POL,51.1133,17.0620
WSRT00NLD,Westerbork,NLD,52.9146,6.6045
WTZR00DEU,Bad Koetzting,DEU,49.1442,12.8789
ZADA00HRV,Zadar,HRV,44.1132,15.2276
ZIM200CHE,Zimmerwald,CHE,46.8771,7.4650
