TSMIP,A002(TAP002),25.1258,121.4669,10.00
TSMIP,A003(TAP003),25.0860,121.4569,0.00
TSMIP,A004(TAP004),25.1058,121.4828,1.00
TSMIP,A006(TAP006),25.0940,121.5152,8.00
TSMIP,A007(TAP007),25.0735,121.5169,14.00
TSMIP,A008(TAP008),25.0740,121.5359,2.00
TSMIP,A009(TAP009),25.0802,121.5796,7.00
TSMIP,A010(TAP010),25.0658,121.4790,3.62
TSMIP,A011(TAP011),25.0565,121.4967,11.00
TSMIP,A013(TAP013),25.0565,121.5337,14.00
TSMIP,A014(TAP014),25.0565,121.5522,16.00
TSMIP,A015(TAP015),25.0504,121.5794,14.00
TSMIP,A016(TAP016),25.0616,121.4311,27.00
TSMIP,A020(TAP020),25.0376,121.5344,4.00
TSMIP,A024(TAP024),25.0192,121.4747,14.00
TSMIP,A025(TAP025),25.0228,121.4980,11.00
TSMIP,A026(TAP026),25.0157,121.5114,17.00
TSMIP,A030(TAP030),24.9979,121.5387,21.00
TSMIP,A032(TAP032),24.9996,121.4828,7.00
TSMIP,A034(TAP034),24.9536,121.5390,33.00
TSMIP,A036(TAP036),24.9023,121.5534,66.00
TSMIP,A037(TAP037),25.0343,121.4416,11.00
TSMIP,A038(TAP038),25.0224,121.4186,16.00
TSMIP,A039(TAP039),24.9348,121.3693,38.00
TSMIP,A043(TAP043),24.9897,121.4181,20.00
TSMIP,A044(TAP044),24.9756,121.4019,23.75
TSMIP,A045(TAP045),25.1095,121.8230,82.00
TSMIP,A046(TAP046),25.1025,121.7769,43.00
TSMIP,A047(TAP047),24.9519,121.3446,59.00
TSMIP,A049(TAP049),25.1469,121.4455,33.00
TSMIP,A050(TAP050),25.1499,121.4042,13.00
TSMIP,A051(TAP051),25.0997,121.4492,5.00
TSMIP,A052(TAP052),25.0801,121.3897,249.00
TSMIP,A053(TAP053),24.9596,121.5251,22.00
TSMIP,A054(TAP054),24.9975,121.4418,15.00
TSMIP,A057(TAP057),25.0795,121.6938,16.00
TSMIP,A059(TAP059),25.1557,121.6935,73.00
TSMIP,A060(TAP060),25.1547,121.7303,50.62
TSMIP,A061(TAP061),25.1316,121.7608,44.00
TSMIP,A063(TAP063),25.1055,121.7382,47.00
TSMIP,A065(TAP065),25.1494,121.7733,16.00
TSMIP,A066(TAP066),25.1828,121.5293,836.00
TSMIP,A070(TAP070),25.1218,121.9197,45.00
TSMIP,A071(TAP071),25.0017,121.6167,37.00
TSMIP,A072(TAP072),24.9906,121.6587,111.00
TSMIP,A075(TAP075),25.0277,121.7366,228.00
TSMIP,A076(TAP076),25.0435,121.7782,182.00
TSMIP,A077(TAP077),25.0621,121.8517,89.76
TSMIP,A078(TAP078),25.0336,121.8667,36.00
TSMIP,A079(TAP079),25.0219,121.9147,18.00
TSMIP,A082(TAP082),25.0550,121.9258,15.00
TSMIP,A083(TAP083),25.2581,121.5026,61.00
TSMIP,A084(TAP084),25.2226,121.6372,5.00
TSMIP,A085(TAP085),24.9383,121.7122,197.00
TSMIP,A103(TAP103),25.0715,121.7814,728.00
TSMIP,A107(TAP107),25.1328,121.7407,9.00
TSMIP,A115(TAP115),24.9888,121.4649,11.00
TSMIP,A124(TAP124),24.8637,121.5534,146.00
TSMIP,A125(TAP125),25.0678,121.6549,12.00
TSMIP,A127(TAP127),24.9719,121.8255,399.00
TSMIP,A128(TAP128),25.1644,121.4492,15.00
TSMIP,A129(TAP129),24.7776,121.5020,403.68
TSMIP,A130(TAP130),25.1623,121.5447,612.00
TSMIP,A131(TAP131),25.0581,121.6101,9.00
TSMIP,A132(TAP132),25.1905,121.7842,9.00
TSMIP,A134(TAP134),25.0349,121.8629,27.00
TSMIP,A135(TAP135),25.2258,121.6377,18.75
TSMIP,A136(TAP136),24.9391,121.3743,37.32
TSMIP,A137(TAP137),24.9798,121.5277,17.00
TSMIP,A138(TAP138),25.0156,121.8044,100.00
TSMIP,A139(TAP139),25.0765,121.6403,40.72
TSMIP,A141(TAP141),24.9392,121.7119,203.73
TSMIP,A142(TAP142),24.9558,121.6312,407.92
TSMIP,A143(TAP143),24.8490,121.5501,260.07
TSMIP,A144(TAP144),25.0433,121.4524,10.47
TSMIP,A145(TAP145),25.2270,121.5380,421.23
TSMIP,A146(TAP146),25.0739,121.3956,267.09
TSMIP,A147(TAP147),24.8653,121.7748,542.00
TSMIP,A148(TAP148),25.0260,121.7373,229.26
TSMIP,B001(TCU001),24.9735,121.1021,80.82
TSMIP,B003(TCU003),25.0455,121.1431,51.00
TSMIP,B004(TCU004),25.0600,121.2029,29.00
TSMIP,B005(TCU005),25.1034,121.2445,11.00
TSMIP,B006(TCU006),24.9110,121.1492,163.89
TSMIP,B009(TCU009),24.9627,121.2283,135.00
TSMIP,B010(TCU010),25.0010,121.1620,100.00
TSMIP,B011(TCU011),24.8842,121.2864,117.00
TSMIP,B012(TCU012),24.9361,121.2987,140.00
TSMIP,B013(TCU013),24.8639,121.2134,230.00
TSMIP,B014(TCU014),25.0449,121.3154,100.00
TSMIP,B016(TCU016),24.8145,120.9655,17.00
TSMIP,B017(TCU017),24.7786,121.0182,91.00
TSMIP,B018(TCU018),24.8787,121.0608,108.00
TSMIP,B019(TCU019),24.9006,120.9874,18.00
TSMIP,B021(TCU021),24.7919,121.1740,141.00
TSMIP,B022(TCU022),24.7673,120.9901,50.00
TSMIP,B023(TCU023),24.7200,121.1399,177.00
TSMIP,B024(TCU024),24.7357,121.0881,131.00
TSMIP,B026(TCU026),24.7736,121.0836,98.00
TSMIP,B027(TCU027),24.8301,121.0746,80.00
TSMIP,B028(TCU028),24.7001,121.0535,129.00
TSMIP,B029(TCU029),24.5577,120.7577,36.00
TSMIP,B030(TCU030),24.5863,120.8852,68.00
TSMIP,B032(TCU032),24.5221,120.8226,78.00
TSMIP,B033(TCU033),24.6836,120.8703,11.00
TSMIP,B034(TCU034),24.6380,120.8653,18.00
TSMIP,B035(TCU035),24.6141,120.7970,13.00
TSMIP,B036(TCU036),24.4469,120.7049,134.00
TSMIP,B037(TCU037),24.4919,120.6837,22.00
TSMIP,B039(TCU039),24.4897,120.7908,160.00
TSMIP,B041(TCU041),24.3898,120.6957,95.00
TSMIP,B043(TCU043),24.6866,120.9598,88.00
TSMIP,B045(TCU045),24.5399,120.9206,201.00
TSMIP,B048(TCU048),24.1781,120.5971,192.00
TSMIP,B049(TCU049),24.1773,120.6997,134.00
TSMIP,B050(TCU050),24.1799,120.6417,100.00
TSMIP,B051(TCU051),24.1598,120.6597,96.00
TSMIP,B052(TCU052),24.1959,120.7480,218.00
TSMIP,B053(TCU053),24.1925,120.6787,133.00
TSMIP,B056(TCU056),24.1570,120.6335,77.00
TSMIP,B059(TCU059),24.2661,120.5717,7.09
TSMIP,B060(TCU060),24.2219,120.6504,136.00
TSMIP,B061(TCU061),24.1345,120.5568,33.00
TSMIP,B062(TCU062),24.1149,120.6842,65.00
TSMIP,B063(TCU063),24.1078,120.6238,34.00
TSMIP,B064(TCU064),24.3446,120.6194,50.00
TSMIP,B066(TCU066),24.2138,120.7043,174.00
TSMIP,B067(TCU067),24.0900,120.7282,98.00
TSMIP,B068(TCU068),24.2760,120.7732,283.00
TSMIP,B069(TCU069),24.2596,120.8310,360.00
TSMIP,B070(TCU070),24.1964,120.5475,6.00
TSMIP,B071(TCU071),23.9840,120.7952,219.00
TSMIP,B072(TCU072),24.0390,120.8580,315.00
TSMIP,B073(TCU073),24.0124,120.9573,465.00
TSMIP,B074(TCU074),23.9613,120.9711,447.00
TSMIP,B075(TCU075),23.9815,120.6876,110.00
TSMIP,B077(TCU077),23.8272,120.7874,235.00
TSMIP,B078(TCU078),23.8096,120.8543,289.00
TSMIP,B081(TCU081),24.8283,121.0142,31.00
TSMIP,B082(TCU082),24.1456,120.6841,89.00
TSMIP,B083(TCU083),24.9671,121.1869,131.00
TSMIP,B084(TCU084),23.8813,120.9082,999.00
TSMIP,B085(TCU085),24.6737,121.3666,685.00
TSMIP,B090(TCU090),23.6462,120.6559,241.00
TSMIP,B091(TCU091),24.9815,121.2706,108.00
TSMIP,B095(TCU095),24.6888,121.0199,104.00
TSMIP,B097(TCU097),24.7884,120.9273,13.00
TSMIP,B099(TCU099),24.1364,120.6993,85.00
TSMIP,B102(TCU102),24.2470,120.7286,231.00
TSMIP,B103(TCU103),24.3075,120.7151,223.00
TSMIP,B104(TCU104),24.2442,120.6093,210.00
TSMIP,B105(TCU105),24.2382,120.5670,55.00
TSMIP,B107(TCU107),24.0718,120.5468,17.00
TSMIP,B110(TCU110),23.9605,120.5799,26.00
TSMIP,B116(TCU116),23.8556,120.5889,49.00
TSMIP,B120(TCU120),23.9774,120.6214,238.00
TSMIP,B122(TCU122),23.8118,120.6179,85.00
TSMIP,B123(TCU123),24.0161,120.5516,21.00
TSMIP,B127(TCU127),24.6296,121.0088,173.00
TSMIP,B128(TCU128),24.4144,120.7697,299.00
TSMIP,B129(TCU129),23.8766,120.6925,113.00
TSMIP,B131(TCU131),24.5649,120.8258,50.00
TSMIP,B135(TCU135),24.3331,120.6533,146.00
TSMIP,B136(TCU136),24.2580,120.6604,176.00
TSMIP,B137(TCU137),24.1836,120.9301,626.00
TSMIP,B138(TCU138),23.9205,120.6028,42.00
TSMIP,B139(TCU139),23.9208,120.5484,29.00
TSMIP,B143(TCU143),23.8798,120.7632,164.00
TSMIP,B148(TCU148),23.9574,120.9277,588.95
TSMIP,B149(TCU149),24.2566,120.5234,5.00
TSMIP,B162(TCU162),23.8763,120.5212,36.00
TSMIP,B168(TCU168),25.0068,121.0476,21.00
TSMIP,B170(TCU170),24.1547,120.7197,108.00
TSMIP,B171(TCU171),24.3450,120.5878,28.00
TSMIP,B172(TCU172),24.1440,120.6820,92.00
TSMIP,B173(TCU173),24.1113,120.6564,41.00
TSMIP,B174(TCU174),24.2268,120.8061,475.00
TSMIP,B175(TCU175),24.9531,121.2044,137.00
TSMIP,B176(TCU176),25.0250,121.2583,70.00
TSMIP,B177(TCU177),24.6561,120.9548,90.00
TSMIP,B179(TCU179),24.0339,120.5039,14.00
TSMIP,B180(TCU180),23.9926,120.5458,20.00
TSMIP,B181(TCU181),23.9535,120.5456,27.00
TSMIP,B182(TCU182),23.8924,120.5273,34.00
TSMIP,B184(TCU184),23.7492,120.7525,496.00
TSMIP,B189(TCU189),24.1708,120.8948,538.00
TSMIP,B192(TCU192),25.0410,121.0805,11.00
TSMIP,B200(TCU200),24.5374,120.7909,179.00
TSMIP,B201(TCU201),24.0795,120.5582,25.00
TSMIP,B204(TCU204),23.6961,120.8532,495.00
TSMIP,B205(TCU205),24.3478,120.6403,99.00
TSMIP,B207(TCU207),24.0566,120.9117,358.00
TSMIP,B209(TCU209),24.6319,121.1178,427.00
TSMIP,B210(TCU210),24.7771,121.1753,147.00
TSMIP,B214(TCU214),23.8741,120.5814,68.00
TSMIP,B215(TCU215),24.6993,121.4273,1695.00
TSMIP,B218(TCU218),24.9061,121.2816,165.16
TSMIP,B219(TCU219),24.0420,120.6995,85.95
TSMIP,B222(TCU222),24.6485,120.8318,31.32
TSMIP,B223(TCU223),24.1664,120.7099,116.47
TSMIP,B224(TCU224),24.3055,120.7252,227.03
TSMIP,B225(TCU225),25.0647,121.2782,40.71
TSMIP,B226(TCU226),24.1481,121.1889,1511.39
TSMIP,B227(TCU227),24.2020,121.0060,751.69
TSMIP,B228(TCU228),24.1176,120.7961,271.69
TSMIP,B229(TCU229),23.7943,120.9436,390.92
TSMIP,B230(TCU230),24.2045,120.5214,5.50
TSMIP,B232(TCU232),24.7972,121.3640,314.62
TSMIP,B233(TCU233),23.9171,121.0468,727.29
TSMIP,B235(TCU235),24.0923,121.0294,823.13
TSMIP,C003(CHY003),23.7149,120.5385,52.00
TSMIP,C006(CHY006),23.5796,120.5601,173.00
TSMIP,C010(CHY010),23.4630,120.5529,211.00
TSMIP,C011(CHY011),23.4831,120.6544,658.00
TSMIP,C014(CHY014),23.2931,120.5914,248.00
TSMIP,C024(CHY024),23.7553,120.6156,101.00
TSMIP,C025(CHY025),23.7775,120.5228,44.00
TSMIP,C028(CHY028),23.6308,120.6157,309.00
TSMIP,C029(CHY029),23.6125,120.5373,111.00
TSMIP,C034(CHY034),23.5207,120.5525,138.00
TSMIP,C035(CHY035),23.5182,120.5919,227.40
TSMIP,C041(CHY041),23.4386,120.6047,233.00
TSMIP,C045(CHY045),23.3003,120.6669,424.71
TSMIP,C061(CHY061),23.0747,120.5190,112.00
TSMIP,C074(CHY074),23.5084,120.8134,2417.00
TSMIP,C083(CHY083),23.7222,120.5858,69.00
TSMIP,C087(CHY087),23.3821,120.5299,175.00
TSMIP,C101(CHY101),23.6844,120.5703,80.00
TSMIP,C102(CHY102),23.2438,120.6223,555.00
TSMIP,C121(CHY121),23.4873,120.9594,3856.00
TSMIP,C137(CHY137),23.5167,120.8154,2297.00
TSMIP,C150(CHY150),23.6888,120.5381,54.00
TSMIP,C158(CHY158),23.6458,120.5887,168.00
TSMIP,C160(CHY160),23.5965,120.5735,320.00
TSMIP,C161(CHY161),23.5587,120.5544,186.00
TSMIP,C162(CHY162),23.5704,120.5200,98.00
TSMIP,C164(CHY164),23.4682,120.7012,1178.00
TSMIP,C168(CHY168),23.6335,120.5515,90.62
TSMIP,D020(KAU020),22.8999,120.5437,47.00
TSMIP,D028(KAU028),22.8260,120.5992,86.00
TSMIP,D029(KAU029),22.7532,120.5763,58.00
TSMIP,D030(KAU030),22.6101,120.5672,26.00
TSMIP,D034(KAU034),22.5283,120.6278,95.00
TSMIP,D035(KAU035),22.5478,120.5404,13.00
TSMIP,D037(KAU037),22.2607,120.6513,4.75
TSMIP,D038(KAU038),22.1900,120.6925,14.00
TSMIP,D039(KAU039),22.0954,120.7484,59.00
TSMIP,D042(KAU042),22.0205,120.8372,45.00
TSMIP,D044(KAU044),22.4367,120.5115,1.00
TSMIP,D046(KAU046),22.0038,120.7460,26.00
TSMIP,D047(KAU047),23.0804,120.5909,279.00
TSMIP,D049(KAU049),22.7443,120.6401,148.00
TSMIP,D050(KAU050),23.1607,120.7656,642.00
TSMIP,D051(KAU051),22.3703,120.6282,66.00
TSMIP,D054(KAU054),23.2765,120.7212,723.00
TSMIP,D068(KAU068),22.9764,120.5447,129.00
TSMIP,D069(KAU069),22.8858,120.6647,256.00
TSMIP,D071(KAU071),22.6477,120.5214,25.00
TSMIP,D072(KAU072),22.6664,120.6005,55.00
TSMIP,D074(KAU074),22.5730,120.5721,23.00
TSMIP,D075(KAU075),22.4887,120.5065,5.00
TSMIP,D076(KAU076),22.4263,120.5649,17.00
TSMIP,D077(KAU077),22.7454,120.7316,833.00
TSMIP,D079(KAU079),22.5910,120.6325,89.00
TSMIP,D080(KAU080),22.0569,120.7119,5.00
TSMIP,D082(KAU082),21.9404,120.7321,63.13
TSMIP,D091(KAU091),21.9009,120.8551,32.00
TSMIP,D097(KAU097),22.1767,120.8380,292.00
TSMIP,D111(KAU111),22.6769,120.5260,27.00
TSMIP,D112(KAU112),22.5818,120.5445,13.00
TSMIP,D113(KAU113),22.3679,120.5910,2.00
TSMIP,D114(KAU114),22.5138,120.5112,8.00
TSMIP,D115(KAU115),22.3300,120.6215,11.00
TSMIP,D117(KAU117),22.2042,120.7513,122.00
TSMIP,D120(KAU120),22.4835,120.5681,38.00
TSMIP,D126(KAU126),23.1793,120.7811,624.00
TSMIP,D128(KAU128),22.4363,120.6426,99.00
TSMIP,D129(KAU129),22.1248,120.8470,167.50
TSMIP,D131(KAU131),22.1292,120.7760,101.36
TSMIP,D132(KAU132),23.2632,120.8264,895.07
TSMIP,D133(KAU133),22.1336,120.8816,12.27
TSMIP,D134(KAU134),22.1948,120.8873,9.54
TSMIP,D135(KAU135),23.1092,120.7035,411.17
TSMIP,E004(ILA004),24.7435,121.7906,5.00
TSMIP,E006(ILA006),24.6396,121.8327,9.00
TSMIP,E007(ILA007),24.5924,121.8535,11.00
TSMIP,E015(ILA015),24.7790,121.6992,99.00
TSMIP,E018(ILA018),24.6799,121.6881,51.00
TSMIP,E020(ILA020),24.7538,121.6356,480.00
TSMIP,E022(ILA022),24.6668,121.6509,99.00
TSMIP,E023(ILA023),24.6787,121.6095,144.00
TSMIP,E026(ILA026),24.6733,121.7728,9.00
TSMIP,E033(ILA033),24.8631,121.8275,14.00
TSMIP,E034(ILA034),24.8020,121.8141,4.00
TSMIP,E035(ILA035),24.8219,121.7676,16.00
TSMIP,E037(ILA037),24.7435,121.7229,17.00
TSMIP,E038(ILA038),24.7199,121.7440,11.00
TSMIP,E042(ILA042),24.6874,121.7986,6.00
TSMIP,E046(ILA046),24.6650,121.7423,31.00
TSMIP,E049(ILA049),24.7638,121.7563,11.00
TSMIP,E050(ILA050),24.4259,121.7490,123.00
TSMIP,E053(ILA053),24.3294,121.7393,56.00
TSMIP,E055(ILA055),24.7366,121.8162,4.00
TSMIP,E059(ILA059),24.6654,121.8296,8.00
TSMIP,E060(ILA060),24.5757,121.8439,48.00
TSMIP,E061(ILA061),24.5218,121.8331,23.00
TSMIP,E062(ILA062),24.4663,121.8008,33.00
TSMIP,E067(ILA067),24.4374,121.3813,1148.00
TSMIP,E068(ILA068),24.5972,121.8573,8.00
TSMIP,E069(ILA069),24.8427,121.9437,20.00
TSMIP,E072(ILA072),24.7001,121.7717,28.00
TSMIP,E075(ILA075),24.4450,121.7783,40.00
TSMIP,E076(ILA076),24.6340,121.7168,88.00
TSMIP,E077(ILA077),24.4883,121.4267,792.00
TSMIP,E078(ILA078),24.6092,121.6875,180.00
TSMIP,E079(ILA079),24.4941,121.5363,1922.25
TSMIP,F002(HWA002),23.5982,121.5202,18.00
TSMIP,F004(HWA004),23.1727,121.2483,244.00
TSMIP,F015(HWA015),23.9729,121.5627,44.00
TSMIP,F019(HWA019),23.9750,121.6135,18.00
TSMIP,F020(HWA020),23.8120,121.4416,180.00
TSMIP,F025(HWA025),24.1624,121.6524,33.35
TSMIP,F026(HWA026),24.1182,121.6245,47.00
TSMIP,F028(HWA028),24.0144,121.6094,20.00
TSMIP,F033(HWA033),23.6846,121.4827,119.00
TSMIP,F036(HWA036),23.4977,121.3745,109.00
TSMIP,F037(HWA037),23.4520,121.3936,97.00
TSMIP,F039(HWA039),23.3827,121.3594,139.00
TSMIP,F041(HWA041),23.2648,121.3026,175.00
TSMIP,F042(HWA042),23.2199,121.2645,207.00
TSMIP,F043(HWA043),23.7078,121.5476,9.00
TSMIP,F044(HWA044),23.6517,121.5363,25.00
TSMIP,F045(HWA045),24.3090,121.7494,27.00
TSMIP,F048(HWA048),24.0095,121.5805,30.00
TSMIP,F049(HWA049),23.9932,121.5645,58.00
TSMIP,F051(HWA051),23.8676,121.5568,51.00
TSMIP,F053(HWA053),23.4064,121.3204,137.00
TSMIP,F054(HWA054),23.4305,121.3487,93.00
TSMIP,F058(HWA058),23.9659,121.4928,170.00
TSMIP,F059(HWA059),23.8706,121.5073,40.00
TSMIP,F067(HWA067),23.7545,121.4688,91.00
TSMIP,F068(HWA068),23.8973,121.5509,37.00
TSMIP,F071(HWA071),23.6689,121.4275,126.00
TSMIP,F072(HWA072),24.2068,121.4817,1005.00
TSMIP,F073(HWA073),23.3472,121.3191,138.00
TSMIP,F074(HWA074),23.7875,121.5627,34.00
TSMIP,F075(HWA075),23.4940,121.3451,173.00
TSMIP,F076(HWA076),23.9888,121.6285,28.73
TSMIP,F077(HWA077),24.0379,121.6094,17.37
TSMIP,G001(TTN001),23.3163,121.4512,63.00
TSMIP,G002(TTN002),22.9725,121.3040,46.00
TSMIP,G003(TTN003),22.6156,121.0069,28.00
TSMIP,G011(TTN011),22.7814,121.1193,38.00
TSMIP,G014(TTN014),23.0978,121.3731,37.00
TSMIP,G015(TTN015),22.7522,121.1549,12.00
TSMIP,G016(TTN016),22.3559,120.9036,11.00
TSMIP,G017(TTN017),22.0373,121.5581,309.00
TSMIP,G020(TTN020),23.1259,121.2147,278.00
TSMIP,G021(TTN021),23.1020,121.1759,307.00
TSMIP,G022(TTN022),23.0952,121.2192,286.00
TSMIP,G023(TTN023),23.0512,121.1638,231.00
TSMIP,G024(TTN024),22.9703,121.1167,281.00
TSMIP,G025(TTN025),22.9023,121.0800,247.00
TSMIP,G026(TTN026),22.8597,121.0918,227.00
TSMIP,G028(TTN028),22.7767,121.0629,135.00
TSMIP,G030(TTN030),22.6981,121.0266,53.00
TSMIP,G031(TTN031),23.3561,121.4676,45.00
TSMIP,G032(TTN032),23.2447,121.4141,31.00
TSMIP,G033(TTN033),23.1918,121.3957,11.00
TSMIP,G035(TTN035),22.8784,121.2276,56.00
TSMIP,G036(TTN036),22.7963,121.1938,34.00
TSMIP,G037(TTN037),22.5328,120.9674,20.33
TSMIP,G038(TTN038),22.4617,120.9404,15.65
TSMIP,G041(TTN041),23.1324,121.1251,437.00
TSMIP,G045(TTN045),22.9741,121.1564,190.00
TSMIP,G046(TTN046),22.9625,121.2409,189.00
TSMIP,G047(TTN047),22.8383,121.1385,113.00
TSMIP,G048(TTN048),22.7719,121.0909,60.00
TSMIP,G049(TTN049),22.7298,121.1079,22.00
TSMIP,G051(TTN051),23.1871,121.0251,1058.00
TSMIP,G052(TTN052),22.5957,120.9617,88.00
TSMIP,G053(TTN053),22.3820,120.8564,457.00
TSMIP,G055(TTN055),22.6733,121.4692,17.00
TSMIP,G057(TTN057),23.0258,121.3304,25.00
TSMIP,G060(TTN060),22.3398,120.8880,24.00
TSMIP,G061(TTN061),23.1488,121.2061,295.00
TSMIP,H154(MTN154),22.9954,120.6339,261.00
MAGNET,CNU,23.9576,120.9282,586.00
MAGNET,CSG,23.1112,121.2264,300.00
MAGNET,HCN,21.9404,120.8135,114.00
MAGNET,HLN,24.0814,121.6044,0.00
MAGNET,LNU,22.0372,121.5581,319.00
MAGNET,LYN,24.3465,120.7801,284.00
MAGNET,MSI,22.6109,120.6330,0.00
MAGNET,NCG,24.7180,121.6829,5.00
MAGNET,PTA,22.7031,120.6526,0.00
MAGNET,SLG,23.7892,120.9544,0.00
MAGNET,SME,23.8809,120.9074,1002.00
MAGNET,TTN,22.8175,121.0799,0.00
MAGNET,TWU,23.1848,120.5285,218.00
MAGNET,XCG,24.0379,121.6093,16.00
MAGNET,YHG,24.6695,121.3757,748.00
MAGNET,YLI,23.3928,121.2970,0.00
MAGNET,ZBN,22.7395,121.0649,0.00
GW,CHI,22.5924,120.6144,26.78
GW,DON,23.6849,120.5699,75.41
GW,HWA,23.9754,121.6133,16.09
GW,TUN,24.7437,121.7896,3.79
GNSS_IES,8118,23.4630,120.5530,228.14
GNSS_IES,C001,23.4180,120.6124,680.04
GNSS_IES,C002,23.3618,120.5772,873.16
GNSS_IES,CHNL,23.3772,120.5635,355.42
GNSS_IES,CHTS,23.7547,121.2327,2970.35
GNSS_IES,CHUK,23.4387,120.6047,270.25
GNSS_IES,DNDA,23.7536,121.1411,2576.63
GNSS_IES,DONA,22.9156,120.7035,522.77
GNSS_IES,ERPN,22.9422,121.1661,221.87
GNSS_IES,FCWS,24.8507,121.2498,255.28
GNSS_IES,FNGU,24.0352,120.7245,170.87
GNSS_IES,FUDN,23.2507,121.3293,267.74
GNSS_IES,FUQE,24.0112,120.8233,291.60
GNSS_IES,GANK,24.0284,120.8226,279.87
GNSS_IES,JONP,23.4230,120.5240,168.29
GNSS_IES,JPEI,23.5316,121.3714,151.51
GNSS_IES,JPIN,23.3411,121.3589,587.11
GNSS_IES,KLN2,23.3311,120.5080,408.48
GNSS_IES,KNKO,23.4722,121.5057,43.15
GNSS_IES,KULN,23.3310,120.5070,414.86
GNSS_IES,KZN1,23.9463,120.6980,130.81
GNSS_IES,LAIG,23.5294,120.7399,856.45
GNSS_IES,LOYE,23.4686,120.7012,1218.37
GNSS_IES,LSAN,24.0294,121.1822,1497.53
GNSS_IES,MESN,23.2636,120.8263,925.77
GNSS_IES,MIN2,23.2770,120.7198,747.94
GNSS_IES,MINS,23.2754,120.7209,751.23
GNSS_IES,MOTN,23.2005,121.0268,1606.84
GNSS_IES,NGAO,24.0495,121.2845,3163.22
GNSS_IES,PAOL,23.1086,120.7029,431.57
GNSS_IES,PING,23.3195,121.4543,107.78
GNSS_IES,PINT,23.7561,120.6406,328.14
GNSS_IES,PNSI,24.0137,121.3957,1291.88
GNSS_IES,S016,24.1795,120.8029,854.29
GNSS_IES,S092,23.1849,120.5285,227.32
GNSS_IES,S101,25.0404,121.6139,59.16
GNSS_IES,S102,22.0372,121.5581,348.73
GNSS_IES,S104,22.8208,121.1894,43.14
GNSS_IES,S105,22.9517,121.1129,699.92
GNSS_IES,S167,23.9544,120.9341,580.90
GNSS_IES,S170,23.7460,120.7676,753.76
GNSS_IES,S23R,22.6450,120.6062,94.18
GNSS_IES,SCHN,24.1278,121.6516,52.69
GNSS_IES,SHAN,23.1089,121.1995,319.70
GNSS_IES,SILN,23.1604,120.6460,488.38
GNSS_IES,SUAB,24.5939,121.8679,26.98
GNSS_IES,TAPE,23.1256,121.2309,303.40
GNSS_IES,TAPO,23.1271,121.2374,419.69
GNSS_IES,TAPP,25.0403,121.6140,60.66
GNSS_IES,TAPU,23.2508,120.5854,670.03
GNSS_IES,TENC,23.2778,120.9157,2340.96
GNSS_IES,TTSH,22.7471,121.1476,48.62
GNSS_IES,TUNH,23.0752,121.3002,358.94
GNSS_IES,W021,23.5357,120.5495,182.92
GNSS_IES,W029,23.5408,120.6643,1065.99
GNSS_IES,W030,23.4741,120.6955,1312.72
GNSS_IES,WLIP,23.1483,120.6326,466.18
GNSS_IES,WUCH,23.9238,121.0272,1397.42
GNSS_IES,WUFN,24.0428,120.6994,109.68
GNSS_IES,YUNL,23.8839,120.7986,251.06
GNSS_ETEC,NDH1,23.9624,121.5956,49.40
GNSS_ETEC,NDH2,23.9482,121.5474,106.98
GNSS_ETEC,NDH3,23.9955,121.5653,92.04
GNSS_ETEC,NDH4,23.9168,121.5199,597.77
GNSS_ETEC,NDH5,24.0100,121.6181,57.83
GNSS,ALIS,23.5082,120.8133,2438.33
GNSS,ANBU,25.1827,121.5296,861.62
GNSS,ANK2,24.9593,121.5251,45.43
GNSS,ANKN,24.9591,121.5247,45.97
GNSS,BAL2,24.6993,121.4272,1698.98
GNSS,BALN,24.6995,121.4261,1715.24
GNSS,BANC,24.9977,121.4421,31.10
GNSS,BIMO,22.5328,120.9674,48.08
GNSS,BLOW,24.1718,121.5713,375.42
GNSS,CHEN,23.0974,121.3736,60.34
GNSS,CHIH,23.1158,121.2060,313.52
GNSS,CHIN,24.2710,120.5822,57.30
GNSS,CHIU,23.9454,120.8289,1067.55
GNSS,CHNT,24.1492,121.6619,38.78
GNSS,CHU2,24.0659,120.5571,108.19
GNSS,CHUA,24.0661,120.5573,109.04
GNSS,CHUL,23.1324,121.1257,465.68
GNSS,CHUN,23.4529,121.3931,118.93
GNSS,CLAN,24.6023,121.5120,453.16
GNSS,CLON,22.4301,120.5796,49.25
GNSS,DAHU,24.4229,120.8718,308.02
GNSS,DAJN,22.3113,120.8650,356.21
GNSS,DANL,22.2041,120.7519,148.08
GNSS,DAS1,22.4770,120.9433,378.79
GNSS,DASI,22.4784,120.9444,386.69
GNSS,DCHU,23.2132,121.2806,251.24
GNSS,DNFU,23.6851,121.4823,133.37
GNSS,DPIN,24.0431,120.9328,740.17
GNSS,DSIN,23.6312,121.3980,178.22
GNSS,DULI,23.0257,121.3306,49.95
GNSS,FENP,23.5984,121.5194,39.82
GNSS,FIVE,25.0710,121.7811,775.18
GNSS,FKD2,23.6884,120.8620,567.89
GNSS,FKDO,23.6836,120.8563,560.68
GNSS,FLON,25.0204,121.9375,41.53
GNSS,FUSN,24.7991,121.3315,362.56
GNSS,GAIS,23.0803,120.5906,313.43
GNSS,GUK2,24.2030,121.0070,772.20
GNSS,GUKN,23.6459,120.5888,192.36
GNSS,GUKW,24.2022,121.0066,777.62
GNSS,HAN2,24.6340,121.7168,108.93
GNSS,HANS,24.6095,121.6872,194.86
GNSS,HENC,22.0039,120.7464,46.56
GNSS,HLIU,23.7930,120.9942,607.69
GNSS,HNSN,24.3377,121.3081,2003.05
GNSS,HOPN,24.1708,120.8949,563.81
GNSS,HRGN,23.5553,121.4051,257.52
GNSS,HSIN,24.8278,121.0143,48.86
GNSS,HSUE,24.2806,121.0265,2629.79
GNSS,HUAL,23.9754,121.6135,46.32
GNSS,HUAN,24.1435,121.2726,3421.62
GNSS,HUAP,24.3090,121.7494,43.00
GNSS,HUYS,24.0923,121.0294,855.81
GNSS,ILAN,24.7640,121.7566,28.64
GNSS,JLUT,22.3300,120.6228,29.98
GNSS,JSAN,23.7612,120.6809,192.57
GNSS,JSU2,23.4924,121.4237,121.28
GNSS,JSUI,23.4920,121.4239,119.21
GNSS,JYAN,24.2425,121.2263,1967.48
GNSS,KASU,22.8102,120.6330,189.33
GNSS,KSH2,24.7761,121.1761,168.51
GNSS,KSHI,24.7767,121.1760,168.35
GNSS,KUA2,23.0496,121.1634,270.94
GNSS,KUAN,23.0497,121.1642,252.20
GNSS,KYI2,25.0410,121.0805,32.42
GNSS,KYIN,25.0410,121.0804,32.10
GNSS,LANB,22.0372,121.5581,348.76
GNSS,LANY,22.0373,121.5581,347.97
GNSS,LAOL,22.4119,120.6873,1059.74
GNSS,LGU2,22.9938,120.6350,292.63
GNSS,LGUE,22.9929,120.6354,268.91
GNSS,LIKN,22.7586,120.5279,63.44
GNSS,LNK2,25.0776,121.3772,282.99
GNSS,LNKO,25.0764,121.3782,266.42
GNSS,LONT,22.9063,121.1306,203.59
GNSS,LTUN,24.7000,121.7716,28.07
GNSS,LUGU,23.7523,120.7477,496.81
GNSS,LUSN,24.0352,121.1860,1448.12
GNSS,MFEN,24.0822,121.1725,2237.06
GNSS,MIAO,24.5834,120.8103,171.11
GNSS,MLO1,22.9000,120.5538,75.35
GNSS,MUDA,22.1761,120.8372,308.24
GNSS,NAAO,24.4493,121.8102,25.96
GNSS,NDHU,23.8972,121.5508,57.01
GNSS,NHSI,23.4062,121.4530,137.35
GNSS,NIPU,23.2433,121.4121,68.05
GNSS,NIUT,24.6348,121.5616,386.66
GNSS,NJO2,22.5038,120.5713,51.74
GNSS,NJOU,22.5039,120.5714,52.14
GNSS,NSAN,24.4282,121.3828,1132.43
GNSS,NSHE,24.2258,120.8009,487.57
GNSS,PAKU,23.9157,120.6360,432.02
GNSS,PAO2,24.7080,120.9231,85.24
GNSS,PAOS,24.7149,120.9503,96.49
GNSS,PEIN,22.8011,121.1231,76.54
GNSS,PENL,24.5388,120.9760,659.56
GNSS,PEPU,24.0179,121.6103,36.02
GNSS,PLA2,24.5788,121.0864,1126.38
GNSS,PLAN,24.5790,121.0866,1122.80
GNSS,PLIN,24.9336,121.7140,271.04
GNSS,PNLA,24.5429,120.9705,488.19
GNSS,PUS2,23.9702,120.5258,46.93
GNSS,PUSN,23.9649,120.5201,38.97
GNSS,SAN2,24.4136,120.7692,328.82
GNSS,SAND,22.7173,120.6406,203.23
GNSS,SANI,24.4143,120.7687,335.55
GNSS,SANJ,25.2608,121.5009,74.21
GNSS,SANL,23.6645,120.7686,1691.68
GNSS,SFON,24.9329,121.0102,52.82
GNSS,SGUN,24.2716,120.6919,196.01
GNSS,SHLU,24.1444,120.5783,297.53
GNSS,SHUL,23.7876,121.5627,57.90
GNSS,SINL,22.9083,121.2546,96.47
GNSS,SLIN,23.8119,121.4414,202.72
GNSS,SLNP,24.7531,121.6356,491.87
GNSS,SONA,24.3978,120.9858,1353.84
GNSS,SPAO,24.2050,121.4849,984.50
GNSS,STA1,24.6356,120.9793,149.82
GNSS,STAN,24.4873,120.8731,767.28
GNSS,SUA2,24.6157,121.8477,25.84
GNSS,SUAO,24.5924,121.8671,24.28
GNSS,SUC2,24.2915,120.9091,582.67
GNSS,SUCH,24.2911,120.9076,567.42
GNSS,SUN1,23.8812,120.9083,1036.19
GNSS,SYAN,23.2480,120.9868,2327.38
GNSS,TACC,25.0073,121.0486,42.50
GNSS,TAIP,25.0345,121.6732,527.06
GNSS,TAN2,25.1785,121.4314,68.34
GNSS,TANS,25.1815,121.4269,30.48
GNSS,TATA,23.4814,120.8871,2651.39
GNSS,TCHN,24.8536,121.8302,26.34
GNSS,TEGS,24.3562,120.6550,255.92
GNSS,THAI,24.6071,121.2956,1520.33
GNSS,TMAL,22.6489,120.9599,1189.19
GNSS,TSHI,25.2569,121.6328,50.37
GNSS,TSIO,24.4728,120.7041,63.65
GNSS,TSLN,23.6343,120.7194,1602.48
GNSS,TTCS,23.1249,121.2151,312.86
GNSS,TTUN,22.7645,121.0807,100.29
GNSS,TUCN,24.5748,121.4961,395.18
GNSS,TUNM,23.9652,121.4936,195.08
GNSS,WALI,25.1758,121.6894,41.30
GNSS,WAN2,25.1690,121.6373,370.84
GNSS,WANC,23.1868,120.5263,341.69
GNSS,WANL,25.1694,121.6376,370.39
GNSS,WANS,23.6075,120.8852,942.50
GNSS,WDAN,22.6061,120.5043,36.46
GNSS,WFEN,24.0419,120.6995,102.81
GNSS,WIPN,24.6746,121.0586,210.74
GNSS,WUKU,25.1173,121.4007,225.88
GNSS,YAME,24.9085,121.1853,218.85
GNSS,YENL,23.9035,121.6018,88.23
GNSS,YLSS,24.6679,121.6530,123.32
GNSS,YNTS,24.8617,121.7789,487.04
GNSS,YUL1,23.3214,121.3002,197.57
GNSS,YULI,23.3409,121.3011,208.27
GNSS,YUSN,23.4873,120.9591,3879.64
GNSS,ZUZH,25.1624,121.5438,238.00
CWASN,ALS,23.5084,120.8134,2417.00
CWASN,ANP,25.1828,121.5293,836.00
CWASN,BAC,24.9975,121.4418,15.00
CWASN,BGSB,24.0570,120.6106,107.00
CWASN,CHK,23.0978,121.3731,37.00
CWASN,CHKH,23.1918,121.3957,11.00
CWASN,EAH,24.3294,121.7393,56.00
CWASN,EAS,22.3820,120.8564,457.00
CWASN,ECB,23.3163,121.4512,63.00
CWASN,ECL,22.5957,120.9617,88.00
CWASN,ECS,23.0952,121.2192,286.00
CWASN,EDH,22.9725,121.3040,46.00
CWASN,EGC,23.7078,121.5476,9.00
CWASN,EGFH,23.6689,121.4275,126.00
CWASN,EGS,24.8427,121.9437,20.00
CWASN,EHD,23.1488,121.2061,295.00
CWASN,EHP,24.3090,121.7494,27.00
CWASN,EHYH,23.4940,121.3451,173.00
CWASN,ELD,23.1871,121.0251,1058.00
CWASN,ENA,24.4259,121.7490,123.00
CWASN,ENA1,24.4494,121.8102,4.00
CWASN,ENAH,24.4494,121.8102,4.00
CWASN,ENLB,23.9036,121.6017,71.00
CWASN,ESA,24.5757,121.8439,48.00
CWASN,ESL,23.8120,121.4416,180.00
CWASN,ETLH,24.2068,121.4817,1005.00
CWASN,ETM,23.9659,121.4928,170.00
CWASN,EWT,24.4450,121.7783,40.00
CWASN,EYUL,23.3472,121.3191,138.00
CWASN,HEN,22.0038,120.7460,26.00
CWASN,HSN,24.8283,121.0142,31.00
CWASN,HSN1,24.7786,121.0182,91.00
CWASN,HWA,23.9750,121.6135,18.00
CWASN,ILA,24.7638,121.7563,11.00
CWASN,KSHI,24.7771,121.1753,147.00
CWASN,LAY,22.0373,121.5581,309.00
CWASN,LDU,22.6733,121.4692,17.00
CWASN,NANB,24.4275,121.7498,112.00
CWASN,NCU,24.9671,121.1869,131.00
CWASN,NCUB,24.9670,121.1870,134.00
CWASN,NCUH,24.9679,121.1849,127.00
CWASN,NDS,24.6340,121.7168,88.00
CWASN,NDXH,24.9061,121.2816,165.16
CWASN,NFF,24.6319,121.1178,427.00
CWASN,NFXH,24.7972,121.3640,314.62
CWASN,NHDH,24.9596,121.5251,22.00
CWASN,NHW,25.0068,121.0476,21.00
CWASN,NJD,24.7357,121.0881,131.00
CWASN,NJN,24.6836,120.8703,11.00
CWASN,NJS,25.2258,121.6377,18.75
CWASN,NLCH,25.0647,121.2782,40.71
CWASN,NLKH,25.0739,121.3956,267.09
CWASN,NML,24.5649,120.8258,50.00
CWASN,NMLH,24.5374,120.7909,179.00
CWASN,NNS,24.4374,121.3813,1148.00
CWASN,NNS1,24.4284,121.3829,808.00
CWASN,NNSH,24.4283,121.3827,1106.00
CWASN,NOU,25.1494,121.7733,16.00
CWASN,NPLH,24.9392,121.7119,203.73
CWASN,NPXH,25.0260,121.7373,229.26
CWASN,NSDH,24.9558,121.6312,407.92
CWASN,NSG,25.0349,121.8629,27.00
CWASN,NSJH,25.0433,121.4524,10.47
CWASN,NSK,24.6737,121.3666,685.00
CWASN,NST,24.6296,121.0088,173.00
CWASN,NSX,24.9391,121.3743,37.32
CWASN,NSY,24.4144,120.7697,299.00
CWASN,NSZ,25.2270,121.5380,421.23
CWASN,NTS,25.1644,121.4492,15.00
CWASN,NWF,25.0715,121.7814,728.00
CWASN,NWL,24.7776,121.5020,403.68
CWASN,NWLH,24.8490,121.5501,260.07
CWASN,NXZ,25.0765,121.6403,40.72
CWASN,PTSB,24.4469,120.7048,202.00
CWASN,SANB,24.3978,120.9858,1354.00
CWASN,SCZ,22.3703,120.6282,66.00
CWASN,SEB,21.9009,120.8551,32.00
CWASN,SGS,23.0804,120.5909,279.00
CWASN,SHUL,23.7875,121.5627,34.00
CWASN,SLBB,24.7538,121.6356,490.00
CWASN,SML,23.8813,120.9082,999.00
CWASN,SMS,22.0205,120.8372,45.00
CWASN,SSD,22.7443,120.6401,148.00
CWASN,SSP,22.4835,120.5681,38.00
CWASN,STY,23.1607,120.7656,642.00
CWASN,STYH,23.1793,120.7811,624.00
CWASN,TAP1,25.0377,121.5138,15.00
CWASN,TAW,22.3559,120.9036,11.00
CWASN,TAWH,22.3398,120.8880,24.00
CWASN,TCU,24.1456,120.6841,89.00
CWASN,TIPB,24.9719,121.8255,399.00
CWASN,TTN,22.7522,121.1549,12.00
CWASN,TWH,22.6750,121.4840,50.00
CWASN,WBTH,24.1664,120.7099,116.47
CWASN,WCH1,24.0718,120.5468,17.00
CWASN,WCHH,24.0795,120.5582,25.00
CWASN,WCKO,23.4386,120.6047,233.00
CWASN,WCS,24.0566,120.9117,358.00
CWASN,WDJ,24.3478,120.6403,99.00
CWASN,WDL,23.7149,120.5385,52.00
CWASN,WDLH,23.6888,120.5381,54.00
CWASN,WFEN,24.0420,120.6995,85.95
CWASN,WGK,23.6844,120.5703,80.00
CWASN,WHLH,24.3055,120.7252,227.03
CWASN,WHY,23.6961,120.8532,495.00
CWASN,WLJH,24.2045,120.5214,5.50
CWASN,WLTB,24.8526,121.2524,27.00
CWASN,WNT,23.8766,120.6925,113.00
CWASN,WPL,24.0124,120.9573,465.00
CWASN,WTP,23.2438,120.6223,555.00
CWASN,WWC,24.2566,120.5234,5.00
CWASN,WYL,23.9605,120.5799,26.00
CWASN,YUS,23.4873,120.9594,3856.00
CWASN,ZUZH,25.1623,121.5447,612.00
