station,latitude,longitude,height,source
GANR,37.7862150000,128.8729270000,55.0350,cors_20260818113354.xls
KAWH,37.7446485100,126.4897711000,48.7970,cors_20260818113354.xls
GOJE,34.8851400000,128.6206900000,60.8950,cors_20260818113354.xls
GOSN,38.3802856900,128.4628774000,48.5730,cors_20260818113354.xls
GOHN,34.6139673200,127.2892920000,70.2320,cors_20260818113354.xls
GOES,36.8164997400,127.7803378000,159.8160,cors_20260818113354.xls
GUNW,36.2372401600,128.5677583000,127.0850,cors_20260818113354.xls
GIJN,35.2409541200,129.2141138000,65.5760,cors_20260818113354.xls
NAJU,35.0228768700,126.7137786000,72.4010,cors_20260818113354.xls
MJOO,36.0104783200,127.6657737000,261.8810,cors_20260818113354.xls
BOUN,36.4886239000,127.7154223000,196.3630,cors_20260818113354.xls
SGUI,33.2546039700,126.5203775000,179.3100,cors_20260818113354.xls
SCHN,36.0793653200,126.6912281000,48.9250,cors_20260818113354.xls
YEJU,37.2914146700,127.6409031000,94.0970,cors_20260818113354.xls
YNDK,36.4124451400,129.3718900000,56.6890,cors_20260818113354.xls
YONJ,36.8073418400,128.6224851000,180.0320,cors_20260818113354.xls
YOIN,37.2322966900,127.2012785000,140.2270,cors_20260818113354.xls
ULSN,35.5748084500,129.3088465000,220.1930,cors_20260818113354.xls
WLJN,36.9928232000,129.4045007000,50.8180,cors_20260818113354.xls
IMSL,35.6191695400,127.2927369000,265.7440,cors_20260818113354.xls
JNDO,34.4815342400,126.2615060000,39.1090,cors_20260818113354.xls
CHND,35.6422518700,128.7412380000,126.6900,cors_20260818113354.xls
CHNY,36.4524619000,126.8057640000,131.5670,cors_20260818113354.xls
TEAN,36.7544008400,126.2917426000,70.4440,cors_20260818113354.xls
PNCH,37.3687824000,128.3927582000,331.8090,cors_20260818113354.xls
POCH,37.8907277700,127.2003741000,135.1600,cors_20260818113354.xls
HADN,35.0645726400,127.7482863000,46.4900,cors_20260818113354.xls
HPCN,35.5659071000,128.1676062000,74.5650,cors_20260818113354.xls
HSNG,37.2011714400,126.8289266000,85.6790,cors_20260818113354.xls
HWCH,38.1101951000,127.7083657000,145.8820,cors_20260818113354.xls
JICH,36.9912500000,127.4304444400,110.0800,cors_20260818113354.xls
GANG,37.7073333300,126.4463333300,43.5010,cors_20260818113354.xls
DJKD,37.9021111100,127.0611500000,147.9560,cors_20260818113354.xls
DODC,37.9021111100,127.0611500000,147.9560,cors_20260818113354.xls
MEON,37.5619444400,128.3776944400,559.4843,cors_20260818113354.xls
BRDO,37.9672226900,124.6304238000,180.9790,cors_20260818113354.xls
BORE,36.3270000000,126.5575277800,40.5780,cors_20260818113354.xls
BOSN,34.7640833300,127.2126388900,29.2840,cors_20260818113354.xls
GRYB,36.6253611100,125.5595277800,125.6160,cors_20260818113354.xls
SDSM,37.5714166700,126.9660277800,116.3830,cors_20260818113354.xls
SWON,37.2725194400,126.9854500000,70.6780,cors_20260818113354.xls
YNPY,37.4885555600,127.4944444400,73.5810,cors_20260818113354.xls
YPDO,37.6644305600,125.7023388900,35.0300,cors_20260818113354.xls
ICHE,37.2641805600,127.4841694400,108.8020,cors_20260818113354.xls
KEOP,37.4777777800,126.6241388900,102.4130,cors_20260818113354.xls
CNAN,36.7626388900,127.2927777800,111.5790,cors_20260818113354.xls
CLWN,38.1478888900,127.3049888900,187.6180,cors_20260818113354.xls
CHCH,37.9027694400,127.7360888900,109.9210,cors_20260818113354.xls
CGJU,36.9704805600,127.9526305600,141.8330,cors_20260818113354.xls
MNSN,37.8861388900,126.7657777800,66.0520,cors_20260818113354.xls
HGCN,37.6837729100,127.8803212000,173.5640,cors_20260818113354.xls
GAGE,34.0948956100,125.0989169400,99.8700,cors_20260818113354.xls
GASA,34.4606492500,126.0428171400,84.5390,cors_20260818113354.xls
GEOM,34.0076368900,127.3222993600,95.4180,cors_20260818113354.xls
DANG,34.0981522500,126.6027532500,127.2610,cors_20260818113354.xls
DOKD,37.2393245300,131.8698690600,132.6890,cors_20260818113354.xls
DONM,37.3287489200,128.4966382200,799.4060,cors_20260818113354.xls
MARA,33.1169311400,126.2691440000,68.9260,cors_20260818113354.xls
MLDO,35.8579607500,126.3150402500,75.3190,cors_20260818113354.xls
MOOJ,35.9034624700,127.5830505500,447.3330,cors_20260818113354.xls
MUNG,36.5903205000,128.1828285800,135.1860,cors_20260818113354.xls
SAMC,37.4360968600,129.1881303600,40.3150,cors_20260818113354.xls
SEOI,34.7877217800,128.7379013300,145.7830,cors_20260818113354.xls
SEJU,35.9381464400,128.1832819400,365.4070,cors_20260818113354.xls
SORI,34.4118859200,127.8010635300,114.1910,cors_20260818113354.xls
SOCH,37.7603550300,124.7287670800,96.6080,cors_20260818113354.xls
SOKC,38.2138822200,128.5999183900,69.9060,cors_20260818113354.xls
ANHN,36.6736553100,126.1349988300,40.3500,cors_20260818113354.xls
EOCH,36.1252048900,125.9684792200,88.9680,cors_20260818113354.xls
YNDO,35.0621892800,129.0707275600,192.2510,cors_20260818113354.xls
YNJU,36.8657046400,128.5448780800,236.5970,cors_20260818113354.xls
OKCH,36.3027541100,127.5808894600,156.0610,cors_20260818113354.xls
ULLE,37.5184130000,130.7977055800,201.3880,cors_20260818113354.xls
JEOJ,38.5520770800,128.3987440600,107.1280,cors_20260818113354.xls
JUMN,37.8978296100,128.8337696900,65.9620,cors_20260818113354.xls
JUKB,37.0580749700,129.4287713900,67.3780,cors_20260818113354.xls
CCHN,37.9944948100,127.7149659700,196.4130,cors_20260818113354.xls
CCHJ,36.9821374200,127.7546191900,151.1980,cors_20260818113354.xls
PALM,37.3583346100,126.5112631700,85.8760,cors_20260818113354.xls
PYCH,37.3496311900,128.4876611400,421.3720,cors_20260818113354.xls
HOMI,36.0780111400,129.5666855000,42.3200,cors_20260818113354.xls
HGDO,34.7112572200,125.2044362800,112.0850,cors_20260818113354.xls
GGEO,34.0748548300,125.1108316700,554.3640,cors_20260818113354.xls
GNGJ,37.7234931400,128.8534573400,124.3775,cors_20260818113354.xls
GANH,37.7193787500,126.3902404400,,cors_20260818113354.xls
GMDO,34.0558211400,127.2980648100,60.6034,cors_20260818113354.xls
GOCH,35.6679010800,127.9433310600,217.2030,cors_20260818113354.xls
GYJU,35.7554499700,129.0390734200,225.1530,cors_20260818113354.xls
GYOI,35.6736045500,129.2886171000,154.3114,cors_20260818113354.xls
GOHG,34.5657909100,127.2580103100,83.0142,cors_20260818113354.xls
KWNJ,35.1783753900,126.9102367800,71.6260,cors_20260818113354.xls
GSAN,36.8161654200,127.7867898900,183.1710,cors_20260818113354.xls
KUSN,36.0054715300,126.7615506400,49.0820,cors_20260818113354.xls
KUNW,36.2334793600,128.5742396900,174.9700,cors_20260818113354.xls
KIMC,36.1373982800,128.1422922200,94.6520,cors_20260818113354.xls
GHDG,35.2705390300,128.9850871200,50.0011,cors_20260818113354.xls
NAMY,37.7199920100,127.3000395500,152.7287,cors_20260818113354.xls
NAMW,35.4230463900,127.3961737800,179.8450,cors_20260818113354.xls
NAMH,34.7238765900,127.9816689100,48.8360,cors_20260818113354.xls
NSAN,36.1941640600,127.1123224400,74.7250,cors_20260818113354.xls
NONS,36.1863707200,127.0991244700,50.6840,cors_20260818113354.xls
DAMY,35.2358471500,127.0164661300,95.5487,cors_20260818113354.xls
DANJ,36.8924197800,126.8230462500,31.6820,cors_20260818113354.xls
TEGN,35.9063065600,128.8019674200,106.3770,cors_20260818113354.xls
DOND,37.9020525600,127.0607400600,140.4710,cors_20260818113354.xls
DONH,37.5069852500,129.1242034700,69.9410,cors_20260818113354.xls
MUAN,34.8174311900,126.4662259200,39.1477,cors_20260818113354.xls
MYSO,35.5017941700,128.8157654900,62.6933,cors_20260818113354.xls
BONH,36.9440105000,128.9145195000,354.9550,cors_20260818113354.xls
PUSN,35.2339375600,129.0748448900,158.6450,cors_20260818113354.xls
PSJA,35.3821881900,129.2487360100,148.6019,cors_20260818113354.xls
SNJU,36.3791645000,128.1444771400,111.5860,cors_20260818113354.xls
SMAN,35.7302747500,126.5279389400,39.5260,cors_20260818113354.xls
SGWI,33.2866327500,126.7506083600,33.3419,cors_20260818113354.xls
SEOS,36.7764091100,126.4942026900,52.2770,cors_20260818113354.xls
YEOJ,37.2785749400,127.5783035800,106.8125,cors_20260818113354.xls
SOUL,37.6185519700,127.0983481700,73.9010,cors_20260818113354.xls
SUNJ,35.9140761300,128.2561276300,79.0865,cors_20260818113354.xls
SEJN,36.5222133900,127.3031898900,181.1960,cors_20260818113354.xls
SUWN,37.2755146900,127.0542401900,83.8190,cors_20260818113354.xls
SWGS,37.2577268100,126.9831618600,65.7186,cors_20260818113354.xls
SONC,34.9574820800,127.4861349200,43.6170,cors_20260818113354.xls
SIAN,34.7868909300,126.1481480000,30.9802,cors_20260818113354.xls
YNGU,38.2908316100,128.1411296700,454.4867,cors_20260818113354.xls
YANJ,37.6968937300,126.9316222700,88.3690,cors_20260818113354.xls
YANP,37.4541889200,127.5056229200,71.5450,cors_20260818113354.xls
YODK,36.5334615000,129.4090508300,70.5760,cors_20260818113354.xls
YDKG,36.3629515400,129.3904365500,124.2838,cors_20260818113354.xls
YOWL,37.1825182200,128.4618132800,253.5860,cors_20260818113354.xls
YCMP,35.9729426600,128.9269240600,154.2569,cors_20260818113354.xls
YCIG,36.0527821000,129.0400141300,200.1110,cors_20260818113354.xls
YCHG,35.9808747500,129.1064300900,175.1497,cors_20260818113354.xls
YECH,36.6514589400,128.4463376700,136.6880,cors_20260818113354.xls
ULDO,37.5380996400,130.9069844200,331.6533,cors_20260818113354.xls
WOLS,35.5039467200,129.4160148300,95.9350,cors_20260818113354.xls
WSSN,35.5454203900,129.1189628000,131.2063,cors_20260818113354.xls
WSJG,35.5656809300,129.3170501800,100.6312,cors_20260818113354.xls
WULJ,36.9919765300,129.4129955300,80.7410,cors_20260818113354.xls
WNJU,37.3372070800,127.9470885300,180.2060,cors_20260818113354.xls
OJBU,37.7548718600,127.1066657900,97.2520,cors_20260818113354.xls
INJE,37.4198577200,126.6864389700,88.4640,cors_20260818113354.xls
INCH,37.4198577200,126.6864389700,88.4640,cors_20260818113354.xls
ICOR,37.4197903300,126.6438408100,52.7050,cors_20260818113354.xls
JANS,35.6416303800,127.5222317900,467.4410,cors_20260818113354.xls
JUNG,35.6227662200,126.9740284700,141.3870,cors_20260818113354.xls
CHJU,33.5139264400,126.5298200300,50.3370,cors_20260818113354.xls
JJHG,33.3697558600,126.2063936100,37.0992,cors_20260818113354.xls
JECH,36.9097723400,128.1659182600,316.7288,cors_20260818113354.xls
JIND,34.4719939700,126.3237318900,503.4150,cors_20260818113354.xls
JINJ,35.1730871400,128.0496744700,122.0010,cors_20260818113354.xls
JJNG,35.1637015800,128.0398740600,60.9781,cors_20260818113354.xls
CHNG,35.5333112500,128.4780603900,61.7530,cors_20260818113354.xls
CHWN,35.2361209200,128.6929946400,88.3460,cors_20260818113354.xls
CHEN,36.8780086700,127.1552526700,69.5450,cors_20260818113354.xls
CHUL,38.2732681900,127.1452119200,289.0320,cors_20260818113354.xls
CHLW,38.1644825300,127.4152443300,308.7780,cors_20260818113354.xls
CHSG,36.4356283300,129.0563459700,250.0310,cors_20260818113354.xls
CHYG,36.4589019400,126.8014951400,136.4740,cors_20260818113354.xls
CNJU,36.6268945600,127.4612270600,93.4880,cors_20260818113354.xls
CJDO,33.9451217800,126.3184561900,50.8146,cors_20260818113354.xls
CHCN,37.8694528900,127.7107683300,140.9100,cors_20260818113354.xls
CCSB,37.9475699200,127.7549264700,122.4487,cors_20260818113354.xls
TABK,37.1636459200,128.9860785600,736.1920,cors_20260818113354.xls
PAJU,37.7464064700,126.7378980300,73.5110,cors_20260818113354.xls
PJMS,37.8860408900,126.7662137400,56.5601,cors_20260818113354.xls
POCN,38.0185818100,127.1909702400,88.4939,cors_20260818113354.xls
HADG,35.1624163300,127.7092348100,76.5920,cors_20260818113354.xls
HONC,37.7091608900,128.1943249700,372.1840,cors_20260818113354.xls
HCHN,38.3080895000,127.6795442200,561.4840,cors_20260818113354.xls
HCSN,38.0629133500,127.5242503500,301.9662,cors_20260818113354.xls
HSDO,34.6814766100,125.4321283900,56.8832,cors_20260818113354.xls
GANS,37.5425182500,126.8383273100,59.0180,cors_20260818113354.xls
GUMC,37.4588897200,126.9061048100,73.8380,cors_20260818113354.xls
DBON,37.6582005800,127.0511153900,73.0760,cors_20260818113354.xls
SONP,37.4904964700,127.1430368900,75.1820,cors_20260818113354.xls
YONS,37.5411221100,127.0013446100,96.8490,cors_20260818113354.xls
SWGN,37.7556393200,128.9417299000,52.1120,cors_20260818113354.xls
SWGJ,35.1280027400,126.8032362000,62.1850,cors_20260818113354.xls
SWDJ,36.3995943700,127.3751010000,126.7240,cors_20260818113354.xls
SWIC,37.1472089200,127.5492428000,173.8320,cors_20260818113354.xls
SWJJ,33.4260112000,126.2943401000,75.9230,cors_20260818113354.xls
GCNG,35.8170200000,129.1362600000,107.0040,cors_20260818113354.xls
GKPG,35.8905800000,128.6066900000,110.6640,cors_20260818113354.xls
DUCG,35.7446100000,129.1757800000,101.9670,cors_20260818113354.xls
YANS,35.3450900000,129.0680600000,233.7770,cors_20260818113354.xls
MGBG,36.6401700000,128.2146500000,121.3350,cors_20260818113354.xls
BOGG,35.7014600000,129.2067200000,117.9550,cors_20260818113354.xls
SMCK,37.4520000000,129.1598700000,119.5610,cors_20260818113354.xls
YKBG,38.2253700000,127.9903600000,321.8950,cors_20260818113354.xls
YSBG,35.4680800000,129.0799100000,105.2100,cors_20260818113354.xls
JSBG,37.3174700000,128.6853100000,351.7570,cors_20260818113354.xls
JJBG,33.4515000000,126.6558300000,459.8300,cors_20260818113354.xls
JRBG,35.2129500000,127.6403600000,71.9750,cors_20260818113354.xls
CGUG,35.8194400000,129.2698400000,191.8040,cors_20260818113354.xls
POHG,36.0799300000,129.3528100000,76.6780,cors_20260818113354.xls
POSG,36.0255600000,129.3117000000,78.9740,cors_20260818113354.xls
HSBG,36.5554600000,126.6359500000,84.3610,cors_20260818113354.xls
HWSG,34.9769100000,126.8993900000,79.5560,cors_20260818113354.xls
HDBG,35.7337500000,129.3989100000,180.3160,cors_20260818113354.xls
KOHG,34.4537777800,127.5191888900,39.6170,cors_20260818113354.xls
DAEJ,36.3994300000,127.3744861100,116.8494,cors_20260818113354.xls
MKPO,34.8168500000,126.3814166700,64.3995,cors_20260818113354.xls
MLYN,35.4913700000,128.7439777800,42.6150,cors_20260818113354.xls
BHAO,36.1637400000,128.9763333300,1133.1655,cors_20260818113354.xls
SKMA,37.4935250000,126.9180055600,61.7020,cors_20260818113354.xls
SBAO,36.9342305600,128.4569361100,1369.3062,cors_20260818113354.xls
JEJU,33.2883416700,126.4621833300,430.1959,cors_20260818113354.xls
